annee,population,sol_cultures_ha,sol_paturages_ha,sol_foret_ha,sol_artificiel_ha,mat_fossiles_t,mat_minerais_t,mat_mineraux_t,mat_biomasse_t,co2_t,sol_cultures_ha_hab,sol_paturages_ha_hab,sol_foret_ha_hab,sol_artificiel_ha_hab,mat_fossiles_t_hab,mat_minerais_t_hab,mat_mineraux_t_hab,mat_biomasse_t_hab,co2_t_hab,mat_non_renouv_t_hab
2019,65729460.000000,20168458.470572,14252489.797117,45341693.520112,0.000000,156771521.802298,63853342.310922,541442523.984992,98748342.389249,420793136.328753,0.306840,0.216836,0.689823,0.000000,2.385103,0.971457,8.237441,1.502345,6.401896,11.594000
2020,65905273.000000,19271947.508262,13512165.616640,45684044.674459,0.000000,124141140.841282,67741783.183008,535476184.937998,94964332.029370,358681803.651787,0.292419,0.205024,0.693177,0.000000,1.883630,1.027866,8.124937,1.440922,5.442384,11.036433
1995,58192206.000000,24756347.923359,20603360.498076,72059922.796184,0.000000,199268653.343767,44192291.128355,314259231.215502,112839635.488904,363880021.259716,0.425424,0.354057,1.238309,0.000000,3.424319,0.759419,5.400366,1.939085,6.253071,9.584104
1996,58380637.000000,32794523.664988,20870062.269082,63464721.539274,0.000000,340916877.236652,55756020.044086,336562439.776408,124039637.781069,385038273.494333,0.561736,0.357483,1.087085,0.000000,5.839554,0.955043,5.764967,2.124671,6.595308,12.559564
1997,58568662.000000,24263369.062377,22868682.683651,72766306.832317,0.000000,232828512.646550,49182665.253373,358926933.901450,117272838.733108,347110205.388673,0.414272,0.390459,1.242410,0.000000,3.975309,0.839744,6.128310,2.002314,5.926552,10.943363
1998,58778817.000000,23433249.217912,20448254.619200,110556444.842150,0.000000,253205336.466347,58417008.627644,456517660.239147,114857266.696747,378546537.710043,0.398668,0.347885,1.880889,0.000000,4.307765,0.993845,7.766704,1.954059,6.440186,13.068313
1999,59084208.000000,23690596.084365,18526156.802985,90730002.832603,0.000000,281828778.501236,60028548.344379,481302393.809950,103216520.369170,396949337.887130,0.400963,0.313555,1.535605,0.000000,4.769951,1.015983,8.146041,1.746939,6.718366,13.931975
2000,59483716.000000,21447858.357903,19084825.652424,98001619.713751,0.000000,337545456.387458,71102651.625665,523697768.645077,116591554.300716,423224331.633360,0.360567,0.320841,1.647537,0.000000,5.674586,1.195330,8.804053,1.960058,7.114961,15.673968
2001,59905130.000000,23831557.965430,18966886.793793,96200017.907335,0.000000,307331589.503804,59538753.518108,490254020.754742,118942735.946671,403183176.814000,0.397822,0.316615,1.605873,0.000000,5.130305,0.993884,8.183840,1.985518,6.730361,14.308029
2002,60327247.000000,22731907.593835,20803329.921789,78356422.586705,0.000000,296744059.298750,59971593.486292,498878847.771580,111818830.858842,397258876.953045,0.376810,0.344841,1.298856,0.000000,4.918906,0.994105,8.269544,1.853538,6.585066,14.182555
2003,60741121.000000,22971548.222343,21706745.208430,53297268.288608,0.000000,289233042.703319,59338208.019314,489150686.373759,109698673.239719,437430527.854299,0.378188,0.357365,0.877450,0.000000,4.761734,0.976903,8.053040,1.806003,7.201555,13.791677
2004,61175243.000000,22824774.609166,20230641.764567,77472134.011424,0.000000,299043110.064566,59113647.034989,513156605.437289,111655951.390280,455442962.715613,0.373105,0.330700,1.266397,0.000000,4.888303,0.966300,8.388305,1.825182,7.444890,14.242908
2005,61625030.000000,21797824.720732,20361021.681408,80072141.856975,0.000000,252149057.054457,68816328.426918,584391723.462866,112439196.753817,446459132.456481,0.353717,0.330402,1.299344,0.000000,4.091666,1.116694,9.483025,1.824570,7.244769,14.691386
2006,62049831.000000,22035291.937063,22990122.339745,78749608.272587,0.000000,263239497.555496,74093322.376145,643496853.921124,115631291.277534,448061544.405339,0.355123,0.370511,1.269135,0.000000,4.242389,1.194094,10.370646,1.863523,7.220995,15.807129
2007,62432438.000000,23217285.715585,19596322.092673,56357359.312751,0.000000,231745025.484419,79952472.200892,580109253.705090,118696985.977760,455168525.811363,0.371879,0.313880,0.902694,0.000000,3.711933,1.280624,9.291792,1.901207,7.290577,14.284349
2008,62780187.000000,20735760.102993,18718597.256035,65470862.149680,0.000000,241155782.114293,80759668.428824,643589647.208560,113436989.351941,466336970.857728,0.330291,0.298161,1.042859,0.000000,3.841272,1.286388,10.251477,1.806892,7.428091,15.379137
2009,63106461.000000,21205844.676812,16224255.898637,56691001.627505,0.000000,198992044.054196,61555357.505040,480376433.473041,111034516.959845,410436483.917193,0.336033,0.257093,0.898339,0.000000,3.153275,0.975421,7.612159,1.759479,6.503874,11.740855
2010,63417366.000000,20993578.994037,16120731.538813,50615852.770249,0.000000,193895357.758898,65245363.185341,586641982.872105,103685510.315855,429964802.359532,0.331038,0.254201,0.798139,0.000000,3.057449,1.028825,9.250494,1.634970,6.779922,13.336768
2011,63733777.000000,20136149.103010,16596615.177672,61117305.644404,0.000000,192177267.435242,73048160.623838,559793163.716527,100578108.750026,436422470.122403,0.315942,0.260405,0.958947,0.000000,3.015313,1.146145,8.783304,1.578097,6.847585,12.944762
2012,64058465.000000,19089935.967854,17953063.219601,49985896.758572,0.000000,170434411.717157,74106061.176118,677638655.632720,99481114.731136,422863389.057762,0.298008,0.280261,0.780317,0.000000,2.660607,1.156850,10.578440,1.552974,6.601210,14.395898
2013,64387736.000000,18997222.481534,14935749.560453,54028964.745826,0.000000,170078480.643066,68523025.734360,670299473.358144,100538964.135344,417276821.305403,0.295044,0.231966,0.839119,0.000000,2.641473,1.064225,10.410359,1.561461,6.480688,14.116057
2014,64692495.000000,19987676.575477,15000111.573678,51713643.800154,0.000000,163414664.693490,70513309.712300,632019318.617744,103087537.316740,410703700.469388,0.308964,0.231868,0.799376,0.000000,2.526022,1.089977,9.769593,1.593501,6.348552,13.385591
2015,64916336.000000,19654502.123766,14005717.691677,51289350.728496,0.000000,171376012.443718,71280290.013944,602355864.126738,98930310.776629,403836013.836861,0.302767,0.215750,0.790084,0.000000,2.639952,1.098033,9.278957,1.523966,6.220869,13.016942
2016,65086852.000000,20407951.230250,14985926.500947,48569964.318005,0.000000,150831795.040151,70695153.911530,611220702.162479,101786943.029508,408456417.591639,0.313550,0.230245,0.746233,0.000000,2.317393,1.086166,9.390848,1.563863,6.275560,12.794407
2017,65284775.000000,20795860.142360,14282743.261612,43630605.438503,0.000000,159398744.294864,67208588.698989,543738370.520258,98611180.560335,418359098.318854,0.318541,0.218776,0.668312,0.000000,2.441591,1.029468,8.328716,1.510477,6.408218,11.799776
2018,65519539.000000,20815354.215416,14407068.979155,43235138.907244,0.000000,144288304.411187,71296608.719363,511011764.520081,94668247.889405,435505523.693356,0.317697,0.219890,0.659882,0.000000,2.202218,1.088173,7.799380,1.444886,6.646956,11.089771
2021,66083547.000000,20051076.206489,14216993.140511,40720777.817886,0.000000,132547729.494763,69453500.764322,525766314.318397,93259999.715174,380893630.441314,0.303420,0.215137,0.616201,0.000000,2.005760,1.050995,7.956085,1.411244,5.763819,11.012840
2022,66277412.000000,21857801.674651,15542883.757744,49299706.266289,0.000000,142641939.994835,60792858.119341,600102467.000348,99755133.553533,396724507.694928,0.329793,0.234513,0.743839,0.000000,2.152195,0.917249,9.054404,1.505115,5.985818,12.123848
2023,66438828.000000,0.000000,0.000000,0.000000,0.000000,148170800.950104,61347649.546287,667208271.135314,101020181.483704,0.000000,0.000000,0.000000,0.000000,0.000000,2.230184,0.923370,10.042445,1.520499,0.000000,13.195999
2024,68775952.000000,0.000000,0.000000,0.000000,0.000000,142687434.682179,57898671.676830,612380998.568024,101194503.292217,0.000000,0.000000,0.000000,0.000000,0.000000,2.074670,0.841845,8.903999,1.471365,0.000000,11.820514
